Title,Skills
Accountants and Auditors,"['Microsoft Excel', 'SAP software', 'Microsoft Office software', 'Microsoft PowerPoint', 'Microsoft Outlook', 'Intuit QuickBooks', 'accounting', 'operations research']"
Actuaries,"['Microsoft Power BI', 'Microsoft Excel', 'Microsoft Office software', 'SAS', 'R', 'Microsoft Visual Basic for Applications VBA', 'Microsoft PowerPoint', 'Python', 'Structured query language SQL', 'Tableau']"
Administrative Services Managers,"['Microsoft Word', 'Microsoft Excel', 'Microsoft Office software', 'Microsoft PowerPoint', 'Microsoft Outlook', 'information management', 'operations research']"
Advertising Sales Agents,"['Microsoft Excel', 'Salesforce software', 'Microsoft Office software', 'advertising', 'Adobe InDesign', 'Microsoft Word', 'Google Analytics', 'Microsoft PowerPoint', 'Adobe Illustrator', 'Microsoft Outlook', 'Adobe Photoshop', 'Adobe Creative Cloud software', 'Canva', 'operations research']"
Advertising and Promotions Managers,"['Microsoft Excel', 'Microsoft Office software', 'Microsoft PowerPoint', 'advertising', 'operations research']"
"Agents and Business Managers of Artists, Performers, and Athletes","['Microsoft Excel', 'business', 'Microsoft Office software', 'operations research']"
Bill and Account Collectors,"['Microsoft Word', 'Microsoft Excel', 'Microsoft Office software', 'Microsoft Outlook', 'operations research']"
Billing and Posting Clerks,"['Microsoft Word', 'Microsoft Excel', 'Microsoft Office software', 'Microsoft PowerPoint', 'Microsoft Outlook', 'accounting', 'operations research']"
Blockchain Engineers,"['testing', 'cryptocurrency', 'Go', 'Docker', 'JavaScript', 'Amazon Web Services AWS software', 'Structured query language SQL', 'design', 'security', 'MySQL', 'Kubernetes', 'TypeScript', 'Microsoft Azure software', 'Node.js', 'Oracle Java', 'Git', 'Python', 'blockchain', 'deployment', 'React', 'operations research']"
"Bookkeeping, Accounting, and Auditing Clerks","['Microsoft Word', 'Microsoft Excel', 'business', 'Microsoft Office software', 'Microsoft Outlook', 'Intuit QuickBooks', 'accounting']"
Brokerage Clerks,"['Microsoft Excel', 'Microsoft Office software', 'Microsoft PowerPoint', 'Microsoft Outlook', 'operations research']"
Budget Analysts,"['Microsoft Excel', 'Microsoft Office software', 'Microsoft PowerPoint', 'Microsoft Outlook', 'accounting']"
Business Continuity Planners,"['Microsoft Excel', 'Microsoft Office software', 'business', 'documentation', 'Microsoft PowerPoint', 'Microsoft SharePoint', 'Microsoft Visio', 'operations research']"
Business Intelligence Analysts,"['Microsoft Power BI', 'devise', 'Microsoft Excel', 'SAP software', 'Microsoft Office software', 'Microsoft Azure software', 'SAS', 'Amazon Web Services AWS software', 'R', 'Structured query language SQL', 'Microsoft PowerPoint', 'Python', 'Tableau']"
Chief Executives,"['Microsoft Excel', 'Microsoft Office software', 'Microsoft PowerPoint', 'operations research']"
Chief Sustainability Officers,"['Microsoft Office software', 'operations research']"
Climate Change Policy Analysts,"['Microsoft Excel', 'Microsoft Office software', 'Microsoft PowerPoint', 'operations research']"
Clinical Data Managers,"['Microsoft Excel', 'Microsoft Office software', 'Microsoft Visio', 'Epic Systems', 'Structured query language SQL', 'Microsoft PowerPoint', 'Microsoft SharePoint', 'database']"
Commercial and Industrial Designers,"['Microsoft Excel', 'Autodesk AutoCAD', 'Dassault Systemes SolidWorks', 'Microsoft Office software', 'Figma', 'Microsoft PowerPoint', 'Adobe Illustrator', 'Adobe Photoshop', 'Adobe Creative Cloud software', 'marketing', 'design']"
Compensation and Benefits Managers,"['Microsoft Excel', 'Microsoft Office software', 'Microsoft PowerPoint', 'operations research']"
"Compensation, Benefits, and Job Analysis Specialists","['Microsoft Outlook', 'Microsoft Excel', 'Microsoft Office software', 'Microsoft PowerPoint']"
Compliance Managers,"['Microsoft Excel', 'Microsoft Office software', 'Microsoft PowerPoint', 'Microsoft Outlook', 'operations research']"
Compliance Officers,"['Microsoft Word', 'Microsoft Excel', 'Microsoft Office software', 'Microsoft PowerPoint', 'Microsoft Outlook', 'operations research']"
Computer Hardware Engineers,"['C', 'Linux', 'C++', 'design', 'Python', 'Perl', 'component', 'The MathWorks MATLAB', 'operations research']"
Computer Network Architects,"['wide area network', 'Border Gateway Protocol BGP', 'software', 'Linux', 'Amazon Web Services AWS software', 'Microsoft Active Directory', 'Structured query language SQL', 'design', 'Ansible software', 'Microsoft Visio', 'Microsoft Excel', 'Microsoft Office software', 'communications', 'local area network', 'Microsoft Azure software', 'Python', 'computer security']"
Computer Network Support Specialists,"['wide area network', 'Border Gateway Protocol BGP', 'Microsoft Excel', 'Microsoft Office software', 'communications', 'Microsoft Windows Server', 'local area network', 'ServiceNow', 'Microsoft Active Directory']"
Computer Numerically Controlled Tool Programmers,"['Microsoft Excel', 'Autodesk AutoCAD', 'Dassault Systemes SolidWorks', 'Microsoft Office software', 'operations research']"
Computer Programmers,"['software', 'Linux', 'Cascading style sheets CSS', 'JavaScript', 'Structured query language SQL', 'Hypertext markup language HTML', 'Microsoft PowerPoint', 'C#', 'Extensible markup language XML', 'Microsoft SQL Server', 'code', 'Microsoft Excel', 'Microsoft Office software', 'C++', 'Oracle Java', 'SAS', 'Git', 'R', 'Python', 'operations research']"
"Computer Science Teachers, Postsecondary","['computer science', 'Microsoft Office software', 'Linux', 'C++', 'Oracle Java', 'design', 'Python', 'operations research']"
Computer Systems Analysts,"['SAP software', 'engineering', 'software', 'ServiceNow', 'business', 'Structured query language SQL', 'schedule', 'systems management', 'Microsoft PowerPoint', 'Microsoft Visio', 'Microsoft Excel', 'Microsoft Office software', 'data processing', 'Atlassian JIRA', 'Python', 'Microsoft SharePoint', 'operations research']"
Computer Systems Engineers/Architects,"['C', 'Go', 'Linux', 'Docker', 'JavaScript', 'Jenkins CI', 'Amazon Web Services AWS software', 'Microsoft Active Directory', 'Structured query language SQL', 'design', 'systems management', 'Ansible software', 'Bash', 'Microsoft Office software', 'Kubernetes', 'Microsoft PowerShell', 'IBM Terraform', 'Microsoft Azure software', 'C++', 'Oracle Java', 'Git', 'Python', 'Atlassian JIRA', 'operations research']"
Computer User Support Specialists,"['Microsoft Excel', 'Microsoft Office software', 'software', 'Apple iOS', 'Microsoft Windows', 'ServiceNow', 'Linux', 'Apple macOS', 'operating system', 'Microsoft Active Directory', 'computer hardware', 'Structured query language SQL', 'Microsoft Outlook', 'operations research']"
Computer and Information Research Scientists,"['C', 'software', 'Docker', 'Linux', 'Amazon Web Services AWS software', 'computer hardware', 'Structured query language SQL', 'TensorFlow', 'Microsoft Azure software', 'C++', 'Oracle Java', 'Git', 'R', 'Python', 'The MathWorks MATLAB', 'operations research']"
Computer and Information Systems Managers,"['Microsoft Excel', 'SAP software', 'Microsoft Office software', 'Microsoft Azure software', 'data processing', 'Amazon Web Services AWS software', 'computer programming', 'Structured query language SQL', 'operations research']"
"Computer, Automated Teller, and Office Machine Repairers","['Microsoft Office software', 'operations research']"
Construction Managers,"['Microsoft Excel', 'Microsoft Office software', 'Microsoft Outlook', 'Procore software', 'Microsoft Project', 'operations research']"
Cost Estimators,"['Microsoft Word', 'Microsoft Excel', 'Microsoft Office software', 'Microsoft PowerPoint', 'Microsoft Outlook', 'operations research']"
Credit Analysts,"['Microsoft Word', 'Microsoft Excel', 'Microsoft Office software', 'Microsoft PowerPoint', 'Microsoft Outlook', 'operations research']"
"Credit Authorizers, Checkers, and Clerks","['Microsoft Word', 'Microsoft Excel', 'business', 'Microsoft Office software', 'Microsoft PowerPoint', 'Microsoft Outlook', 'operations research']"
Credit Counselors,"['Microsoft Word', 'Microsoft Excel', 'Microsoft Office software', 'Microsoft PowerPoint', 'Microsoft Outlook', 'operations research']"
Customer Service Representatives,"['Microsoft Outlook', 'Microsoft Excel', 'Microsoft Office software', 'operations research']"
Customs Brokers,"['Microsoft Excel', 'documentation', 'Microsoft Office software', 'Microsoft PowerPoint', 'Microsoft Outlook', 'payment services']"
Data Entry Keyers,"['Microsoft Word', 'Microsoft Excel', 'Microsoft Office software', 'Microsoft Outlook', 'operations research']"
Data Scientists,"['C', 'Apache Spark', 'software', 'Apache Hadoop', 'Docker', 'Amazon Web Services AWS software', 'Structured query language SQL', 'data mining', 'Scala', 'analytics', 'TensorFlow', 'Tableau', 'Microsoft Power BI', 'Microsoft Excel', 'programming languages', 'dynamic data', 'Microsoft Azure software', 'C++', 'Oracle Java', 'SAS', 'data modeling', 'Git', 'R', 'natural language processing', 'Python', 'The MathWorks MATLAB', 'machine learning', 'visualization', 'operations research']"
Data Warehousing Specialists,"['Microsoft Power BI', 'Microsoft Excel', 'SAP software', 'Microsoft Office software', 'Microsoft Access', 'Structured query language SQL', 'design', 'Microsoft PowerPoint', 'Python', 'Microsoft Outlook', 'database', 'Tableau', 'operations research']"
Database Administrators,"['Salesforce software', 'Apache Hadoop', 'Apache Kafka', 'Linux', 'Amazon Web Services AWS software', 'Structured query language SQL', 'Microsoft SQL Server Integration Services SSIS', 'Scala', 'Microsoft SQL Server', 'scalability', 'Microsoft Office software', 'Microsoft Azure software', 'Git', 'Python', 'Oracle PL/SQL', 'Tableau', 'Amazon Simple Storage Service S3', 'Oracle Database', 'Apache Spark', 'Transact-SQL', 'Microsoft Access', 'Amazon Redshift', 'UNIX', 'security', 'NoSQL', 'MySQL', 'database', 'Informatica software', 'Microsoft Power BI', 'Microsoft Excel', 'Oracle Java', 'PostgreSQL']"
Database Architects,"['relational database', 'Apache Spark', 'operations research', 'Amazon Web Services AWS software', 'Structured query language SQL', 'Microsoft PowerPoint', 'security', 'database', 'Microsoft Power BI', 'Microsoft Excel', 'Microsoft Office software', 'data warehouse', 'Microsoft Azure software', 'Oracle Java', 'data modeling', 'Python', 'Tableau', 'design']"
Desktop Publishers,"['Adobe Acrobat', 'software', 'typescript', 'Adobe InDesign', 'Microsoft Word', 'Microsoft PowerPoint', 'Adobe Illustrator', 'Adobe Photoshop']"
Digital Forensics Analysts,"['Microsoft PowerShell', 'Structured query language SQL', 'Python', 'Splunk Enterprise', 'operations research', 'Linux', 'computer security']"
Document Management Specialists,"['Microsoft Word', 'Microsoft Excel', 'Microsoft Office software', 'Microsoft PowerPoint', 'Microsoft Outlook', 'Microsoft SharePoint']"
"Electronics Engineers, Except Computer","['C', 'Microsoft Excel', 'Microsoft Office software', 'C++', 'design', 'Microsoft PowerPoint', 'Python', 'telecommunications', 'The MathWorks MATLAB', 'component', 'operations research']"
"Eligibility Interviewers, Government Programs","['Microsoft Word', 'Microsoft Excel', 'Microsoft Office software', 'Microsoft PowerPoint', 'security', 'Microsoft Outlook']"
Environmental Compliance Inspectors,"['Microsoft Excel', 'Microsoft Office software', 'Microsoft PowerPoint']"
Equal Opportunity Representatives and Officers,"['Microsoft Excel', 'Microsoft Office software', 'Microsoft PowerPoint', 'Microsoft Outlook', 'operations research']"
Executive Secretaries and Executive Administrative Assistants,"['training model', 'Microsoft Word', 'Microsoft Excel', 'Microsoft Office software', 'Microsoft PowerPoint', 'Google Workspace software', 'Microsoft Outlook']"
Film and Video Editors,"['Adobe After Effects', 'Microsoft Office software', 'TikTok', 'Adobe Illustrator', 'Adobe Photoshop', 'Adobe Creative Cloud software', 'operations research']"
Financial Managers,"['Microsoft Excel', 'SAP software', 'Microsoft Office software', 'Microsoft PowerPoint', 'Microsoft Outlook', 'accounting', 'operations research']"
Financial Quantitative Analysts,"['Microsoft Excel', 'Microsoft Office software', 'statistical model', 'C++', 'Oracle Java', 'SAS', 'R', 'Microsoft Visual Basic for Applications VBA', 'Microsoft PowerPoint', 'Python', 'Structured query language SQL', 'The MathWorks MATLAB', 'operations research']"
Financial Risk Specialists,"['Microsoft Excel', 'Microsoft Office software', 'Structured query language SQL', 'Python', 'Microsoft PowerPoint', 'Microsoft Outlook', 'Tableau', 'operations research']"
Financial and Investment Analysts,"['Microsoft Power BI', 'Microsoft Excel', 'SAP software', 'Microsoft Office software', 'Structured query language SQL', 'Microsoft PowerPoint', 'Microsoft Outlook', 'Tableau', 'operations research']"
First-Line Supervisors of Construction Trades and Extraction Workers,"['Microsoft Office software', 'operations research']"
First-Line Supervisors of Correctional Officers,['Microsoft Office software']
"First-Line Supervisors of Entertainment and Recreation Workers, Except Gambling Services","['Microsoft Excel', 'Microsoft Office software']"
First-Line Supervisors of Firefighting and Prevention Workers,"['Microsoft Excel', 'Microsoft Office software', 'Microsoft PowerPoint']"
First-Line Supervisors of Gambling Services Workers,"['Microsoft Outlook', 'Microsoft Excel', 'Microsoft Office software', 'operations research']"
"First-Line Supervisors of Helpers, Laborers, and Material Movers, Hand","['Microsoft Word', 'Microsoft Excel', 'SAP software', 'Microsoft Office software', 'Microsoft PowerPoint', 'Microsoft Outlook', 'operations research']"
First-Line Supervisors of Housekeeping and Janitorial Workers,"['Microsoft Outlook', 'Microsoft Excel', 'Microsoft Office software']"
"First-Line Supervisors of Landscaping, Lawn Service, and Groundskeeping Workers","['Microsoft Outlook', 'Microsoft Excel', 'Microsoft Office software', 'operations research']"
First-Line Supervisors of Material-Moving Machine and Vehicle Operators,"['Microsoft Excel', 'SAP software', 'Microsoft Office software', 'Microsoft PowerPoint', 'Microsoft Outlook']"
"First-Line Supervisors of Mechanics, Installers, and Repairers","['Microsoft Outlook', 'Microsoft Excel', 'Microsoft Office software', 'operations research']"
First-Line Supervisors of Non-Retail Sales Workers,"['Microsoft Excel', 'Salesforce software', 'Microsoft Office software', 'Microsoft PowerPoint', 'Microsoft Outlook', 'accounting']"
First-Line Supervisors of Office and Administrative Support Workers,"['Microsoft Outlook', 'Microsoft Excel', 'Microsoft Office software', 'Microsoft PowerPoint']"
First-Line Supervisors of Passenger Attendants,"['Microsoft Excel', 'passenger']"
First-Line Supervisors of Police and Detectives,['Microsoft Office software']
First-Line Supervisors of Production and Operating Workers,"['Microsoft Excel', 'Microsoft Office software', 'Microsoft PowerPoint', 'Microsoft Outlook', 'operations research']"
First-Line Supervisors of Retail Sales Workers,"['accounting', 'Microsoft Office software', 'operations research']"
First-Line Supervisors of Security Workers,"['Microsoft Excel', 'Microsoft Office software', 'security']"
"Fraud Examiners, Investigators and Analysts","['Microsoft Excel', 'Microsoft Office software', 'fraud detection', 'SAS', 'Microsoft Word', 'Structured query language SQL', 'Microsoft PowerPoint', 'Python', 'Microsoft Outlook']"
Fundraisers,"['Microsoft Excel', 'Salesforce software', 'Microsoft Office software', 'operations research', 'Microsoft Word', 'Microsoft PowerPoint', 'Microsoft Outlook', 'design']"
Fundraising Managers,"['Microsoft Word', 'Microsoft Excel', 'Salesforce software', 'Microsoft Office software', 'Microsoft PowerPoint', 'Microsoft Outlook', 'operations research']"
General and Operations Managers,"['Microsoft Excel', 'Microsoft Office software', 'Microsoft PowerPoint', 'operations research']"
Graphic Designers,"['Microsoft Excel', 'Microsoft Office software', 'Microsoft Outlook', 'Figma', 'Adobe InDesign', 'Cascading style sheets CSS', 'Adobe After Effects', 'design', 'Hypertext markup language HTML', 'Microsoft PowerPoint', 'Adobe Illustrator', 'Adobe Photoshop', 'Adobe Creative Cloud software', 'operations research']"
Health Informatics Specialists,"['Microsoft Excel', 'Microsoft Office software', 'SAS', 'Microsoft Word', 'Structured query language SQL', 'Microsoft PowerPoint', 'Microsoft Outlook', 'Tableau', 'design']"
"Human Resources Assistants, Except Payroll and Timekeeping","['Microsoft Word', 'Microsoft Excel', 'Microsoft Office software', 'Microsoft PowerPoint', 'Microsoft Outlook', 'operations research']"
Human Resources Managers,"['Microsoft Excel', 'Microsoft Office software', 'Microsoft PowerPoint', 'Microsoft Outlook', 'operations research']"
Human Resources Specialists,"['Microsoft Word', 'Microsoft Excel', 'Microsoft Office software', 'Microsoft PowerPoint', 'Microsoft Outlook', 'operations research']"
Industrial Production Managers,"['Microsoft Excel', 'Microsoft Office software', 'Microsoft PowerPoint', 'Microsoft Outlook', 'operations research']"
Information Security Analysts,"['Microsoft Excel', 'Microsoft Office software', 'Microsoft Azure software', 'operations research', 'Linux', 'Splunk Enterprise', 'computer network', 'Amazon Web Services AWS software', 'Microsoft PowerPoint', 'security', 'Python', 'computer security']"
Information Technology Project Managers,"['Microsoft Excel', 'SAP software', 'Microsoft Office software', 'ServiceNow', 'Microsoft Azure software', 'business', 'Structured query language SQL', 'Atlassian JIRA', 'Microsoft PowerPoint']"
Insurance Sales Agents,"['Microsoft Office software', 'operations research']"
Insurance Underwriters,"['Microsoft Word', 'Microsoft Excel', 'Microsoft Office software', 'Microsoft PowerPoint', 'Microsoft Outlook']"
Intelligence Analysts,"['Microsoft Excel', 'Microsoft Office software', 'Microsoft PowerPoint', 'database', 'operations research']"
"Interviewers, Except Eligibility and Loan","['Zoom', 'operations research']"
Investment Fund Managers,"['Microsoft Excel', 'Microsoft Office software', 'Microsoft PowerPoint', 'operations research']"
Loan Interviewers and Clerks,"['Microsoft Word', 'Microsoft Excel', 'Microsoft Office software', 'Microsoft PowerPoint', 'Microsoft Outlook']"
Loan Officers,"['Microsoft Outlook', 'Microsoft Excel', 'Microsoft Office software', 'operations research']"
Lodging Managers,"['Microsoft Outlook', 'Microsoft Excel', 'Microsoft Office software', 'operations research']"
Logisticians,"['Microsoft Word', 'Microsoft Excel', 'SAP software', 'Microsoft Office software', 'Microsoft PowerPoint', 'Microsoft Outlook', 'operations research']"
Logistics Analysts,"['Microsoft Power BI', 'Microsoft Excel', 'SAP software', 'Microsoft Office software', 'Microsoft Access', 'Structured query language SQL', 'Microsoft PowerPoint', 'Microsoft Outlook', 'Tableau', 'operations research']"
Logistics Engineers,"['Microsoft Power BI', 'Microsoft Excel', 'SAP software', 'Microsoft Office software', 'Microsoft Access', 'Structured query language SQL', 'design', 'Microsoft PowerPoint', 'information management', 'operations research']"
Loss Prevention Managers,"['Microsoft Word', 'Microsoft Excel', 'Microsoft Office software', 'Microsoft PowerPoint', 'Microsoft Outlook', 'operations research']"
"Mail Clerks and Mail Machine Operators, Except Postal Service","['Microsoft Excel', 'Microsoft Office software', 'Microsoft PowerPoint', 'Microsoft Outlook', 'operations research']"
Management Analysts,"['Microsoft Power BI', 'Microsoft Excel', 'Microsoft Office software', 'Structured query language SQL', 'Atlassian JIRA', 'Microsoft PowerPoint', 'Microsoft Outlook', 'Python', 'Microsoft Visio', 'Tableau', 'design']"
Market Research Analysts and Marketing Specialists,"['Microsoft Excel', 'Salesforce software', 'Microsoft Office software', 'advertising', 'operations research', 'Google Analytics', 'Microsoft PowerPoint', 'Microsoft Outlook', 'marketing', 'search engine']"
Marketing Managers,"['Microsoft Excel', 'Salesforce software', 'Microsoft Office software', 'Microsoft PowerPoint', 'marketing', 'operations research']"
Media Programming Directors,"['Microsoft Excel', 'Google Analytics', 'Microsoft Office software', 'Microsoft PowerPoint', 'Adobe Photoshop', 'Adobe Creative Cloud software', 'operations research']"
"Meeting, Convention, and Event Planners","['Microsoft Word', 'Microsoft Excel', 'Microsoft Office software', 'Microsoft PowerPoint', 'Microsoft Outlook', 'operations research']"
Network and Computer Systems Administrators,"['wide area network', 'Microsoft Windows Server', 'software', 'Microsoft Windows', 'ServiceNow', 'UNIX', 'Linux', 'server', 'operating system', 'Amazon Web Services AWS software', 'Microsoft Active Directory', 'Structured query language SQL', 'Ansible software', 'Bash', 'Red Hat Enterprise Linux', 'Microsoft Excel', 'Microsoft Office software', 'communications', 'monitoring', 'local area network', 'Microsoft PowerShell', 'Microsoft Azure software', 'Python', 'Microsoft SharePoint']"
"Office Clerks, General","['Microsoft Word', 'Microsoft Excel', 'Microsoft Office software', 'Microsoft PowerPoint', 'Microsoft Outlook', 'Intuit QuickBooks', 'operations research']"
Online Merchants,"['Microsoft Excel', 'business', 'Microsoft Office software', 'Google Analytics', 'Microsoft PowerPoint', 'Microsoft Outlook', 'marketing']"
Operations Research Analysts,"['Microsoft Power BI', 'Microsoft Excel', 'Salesforce software', 'Microsoft Office software', 'software', 'Structured query language SQL', 'Microsoft PowerPoint', 'Python', 'Microsoft Outlook', 'Tableau', 'operations research']"
Order Clerks,"['advertising', 'Microsoft Excel', 'Microsoft Office software', 'operations research']"
Parts Salespersons,"['Microsoft Excel', 'Microsoft Office software', 'operations research']"
Payroll and Timekeeping Clerks,"['Microsoft Excel', 'Workday software', 'Microsoft Office software', 'Kronos Workforce Timekeeper', 'Microsoft Word', 'Microsoft PowerPoint', 'Microsoft Outlook', 'operations research']"
Personal Financial Advisors,"['Microsoft Outlook', 'Microsoft Excel', 'Microsoft Office software', 'Microsoft PowerPoint']"
Political Scientists,"['Microsoft Excel', 'Microsoft Office software', 'Microsoft PowerPoint', 'Microsoft Outlook', 'operations research']"
Procurement Clerks,"['Microsoft Word', 'Microsoft Excel', 'SAP software', 'Microsoft Office software', 'Microsoft PowerPoint', 'Microsoft Outlook']"
"Production, Planning, and Expediting Clerks","['Microsoft Word', 'Microsoft Excel', 'Microsoft Office software', 'schedule', 'Microsoft PowerPoint', 'Microsoft Outlook', 'operations research']"
Project Management Specialists,"['Microsoft Excel', 'Microsoft Office software', 'Microsoft Project', 'Microsoft Word', 'schedule', 'Microsoft PowerPoint', 'Microsoft Outlook', 'operations research']"
"Property, Real Estate, and Community Association Managers","['Microsoft Word', 'Microsoft Excel', 'Microsoft Office software', 'Yardi software', 'Microsoft PowerPoint', 'Microsoft Outlook', 'operations research']"
Public Relations Managers,"['Microsoft Excel', 'Microsoft Office software', 'Microsoft PowerPoint', 'Microsoft Outlook', 'operations research']"
Public Relations Specialists,"['Microsoft Excel', 'Microsoft Office software', 'communications', 'release', 'Microsoft Word', 'Microsoft PowerPoint', 'Microsoft Outlook', 'Adobe Photoshop', 'Adobe Creative Cloud software', 'operations research']"
"Purchasing Agents, Except Wholesale, Retail, and Farm Products","['Microsoft Excel', 'SAP software', 'Microsoft Office software', 'Microsoft Word', 'Microsoft PowerPoint', 'Microsoft Outlook', 'Microsoft SharePoint', 'operations research']"
Purchasing Managers,"['Microsoft Excel', 'SAP software', 'Microsoft Office software', 'Microsoft PowerPoint', 'Microsoft Outlook', 'operations research']"
Quality Control Analysts,"['Microsoft Word', 'Microsoft Excel', 'SAP software', 'Microsoft Office software', 'Microsoft PowerPoint', 'Microsoft Outlook']"
Quality Control Systems Managers,"['Microsoft Excel', 'Microsoft Office software', 'Microsoft PowerPoint', 'Microsoft Outlook', 'operations research']"
Real Estate Brokers,"['Microsoft Excel', 'Microsoft Office software', 'Yardi software', 'Microsoft Outlook', 'operations research']"
Real Estate Sales Agents,"['Microsoft Word', 'Microsoft Excel', 'Microsoft Office software', 'Yardi software', 'Microsoft Outlook', 'operations research']"
Recycling Coordinators,"['Microsoft Excel', 'Microsoft Office software', 'Microsoft PowerPoint', 'Microsoft Outlook', 'operations research']"
Regulatory Affairs Managers,"['Microsoft Excel', 'Microsoft Office software', 'Microsoft PowerPoint', 'operations research']"
Regulatory Affairs Specialists,"['Microsoft Word', 'Microsoft Excel', 'Microsoft Office software', 'Microsoft PowerPoint', 'Microsoft Outlook', 'operations research']"
Remote Sensing Scientists and Technologists,"['Python', 'security', 'The MathWorks MATLAB', 'C++', 'operations research']"
Remote Sensing Technicians,"['Microsoft Excel', 'Microsoft Office software', 'Microsoft Outlook', 'Bentley MicroStation', 'Microsoft Word', 'ESRI ArcGIS software', 'security', 'Python', 'operations research']"
Sales Engineers,"['Microsoft Excel', 'Salesforce software', 'Microsoft Office software', 'engineering', 'Microsoft Azure software', 'Linux', 'Amazon Web Services AWS software', 'business', 'Microsoft PowerPoint', 'Python', 'Microsoft Outlook', 'operations research']"
Sales Managers,"['training model', 'Microsoft Excel', 'Salesforce software', 'Microsoft Office software', 'Microsoft PowerPoint', 'Microsoft Outlook', 'operations research']"
"Sales Representatives of Services, Except Advertising, Insurance, Financial Services, and Travel","['Microsoft Excel', 'Salesforce software', 'Microsoft Office software', 'Microsoft Outlook', 'operations research']"
"Sales Representatives, Wholesale and Manufacturing, Except Technical and Scientific Products","['Microsoft Excel', 'Salesforce software', 'Microsoft Office software', 'Microsoft PowerPoint', 'Microsoft Outlook', 'operations research']"
"Sales Representatives, Wholesale and Manufacturing, Technical and Scientific Products","['Microsoft Excel', 'Salesforce software', 'Microsoft Office software', 'engineering', 'Microsoft PowerPoint', 'Microsoft Outlook', 'operations research']"
Search Marketing Strategists,"['Microsoft Excel', 'Microsoft Office software', 'operations research', 'JavaScript', 'Cascading style sheets CSS', 'Google Analytics', 'Hypertext markup language HTML', 'Microsoft PowerPoint', 'Python', 'WordPress', 'marketing', 'search engine']"
"Secretaries and Administrative Assistants, Except Legal, Medical, and Executive","['Microsoft Word', 'Microsoft Excel', 'Microsoft Office software', 'Microsoft PowerPoint', 'Microsoft Outlook', 'operations research']"
"Securities, Commodities, and Financial Services Sales Agents","['Microsoft Outlook', 'Microsoft Excel', 'Microsoft Office software', 'operations research']"
Security Management Specialists,"['Microsoft PowerShell', 'Microsoft Azure software', 'Linux', 'Oracle Java', 'JavaScript', 'Amazon Web Services AWS software', 'Microsoft Active Directory', 'Structured query language SQL', 'design', 'security', 'operations research']"
Security Managers,"['Microsoft Excel', 'Microsoft Office software', 'Microsoft PowerPoint', 'security']"
Social and Community Service Managers,"['Microsoft Excel', 'Microsoft Office software', 'Microsoft PowerPoint', 'Microsoft Outlook', 'operations research']"
Social and Human Service Assistants,"['Microsoft Outlook', 'Microsoft Excel', 'Microsoft Office software', 'operations research']"
Software Developers,"['C', 'software', 'Linux', 'Cascading style sheets CSS', 'JavaScript', 'Amazon Web Services AWS software', 'computer hardware', 'Structured query language SQL', 'Google Angular', 'C#', 'Extensible markup language XML', 'Kubernetes', 'TypeScript', 'Spring Framework', 'Microsoft Azure software', 'C++', 'Git', 'JavaScript Object Notation JSON', 'Python', 'design', 'GitHub', 'engineering', 'Docker', 'Jenkins CI', 'Hypertext markup language HTML', 'NoSQL', 'database', 'Spring Boot', 'computer science', 'Node.js', 'Microsoft .NET Framework', 'Oracle Java', 'Atlassian JIRA', 'React', 'operations research']"
Software Quality Assurance Analysts and Testers,"['Selenium', 'software', 'Linux', 'JavaScript', 'Jenkins CI', 'Amazon Web Services AWS software', 'Structured query language SQL', 'design', 'C#', 'database', 'tracking system', 'Microsoft Excel', 'Microsoft Office software', 'Microsoft Azure software', 'C++', 'Oracle Java', 'Git', 'Atlassian JIRA', 'Python', 'operations research']"
Statistical Assistants,"['R', 'Python', 'C#', 'Oracle Java', 'SAS']"
Statisticians,"['Microsoft Excel', 'Microsoft Office software', 'Microsoft Access', 'IBM SPSS Statistics', 'SAS', 'business', 'R', 'Structured query language SQL', 'Microsoft PowerPoint', 'Python', 'Tableau', 'operations research']"
Supply Chain Managers,"['Microsoft Excel', 'SAP software', 'Microsoft Office software', 'Microsoft Outlook', 'Microsoft PowerPoint', 'forecasting', 'operations research']"
Sustainability Specialists,"['Microsoft Power BI', 'Microsoft Word', 'Microsoft Excel', 'Microsoft Office software', 'Microsoft PowerPoint', 'Microsoft Outlook']"
"Switchboard Operators, Including Answering Service","['Microsoft Excel', 'relay', 'business', 'Microsoft Office software', 'Microsoft Outlook', 'operations research']"
Talent Directors,"['Microsoft Excel', 'Microsoft Office software', 'Microsoft PowerPoint', 'operations research']"
"Tax Examiners and Collectors, and Revenue Agents","['Microsoft Power BI', 'Microsoft Excel', 'SAP software', 'Microsoft Office software', 'business', 'Alteryx software', 'Microsoft PowerPoint', 'Microsoft Outlook', 'operations research']"
Tax Preparers,"['Microsoft Outlook', 'Microsoft Excel', 'Microsoft Office software', 'operations research']"
"Title Examiners, Abstractors, and Searchers","['Microsoft Outlook', 'Microsoft Excel', 'Microsoft Office software', 'operations research']"
Training and Development Managers,"['training model', 'Microsoft Excel', 'Microsoft Office software', 'Microsoft PowerPoint', 'Microsoft Outlook', 'operations research']"
Training and Development Specialists,"['Microsoft Excel', 'Microsoft Office software', 'training model', 'Microsoft Word', 'design', 'Microsoft PowerPoint', 'Microsoft Outlook', 'operations research']"
"Transportation, Storage, and Distribution Managers","['Microsoft Excel', 'Microsoft Office software', 'Microsoft PowerPoint', 'Microsoft Outlook', 'operations research']"
Treasurers and Controllers,"['Microsoft Excel', 'SAP software', 'Microsoft Office software', 'Microsoft PowerPoint', 'Microsoft Outlook', 'Intuit QuickBooks', 'operations research']"
Validation Engineers,"['Microsoft Excel', 'Microsoft Office software', 'design', 'Python', 'Microsoft PowerPoint', 'operations research']"
Video Game Designers,"['C', 'play', 'C++', 'Oracle Java', 'JavaScript', 'Git', 'documentation', 'Atlassian JIRA', 'C#', 'Python', 'Adobe Photoshop', 'design']"
Web Administrators,"['testing', 'UNIX', 'Linux', 'Cascading style sheets CSS', 'JavaScript', 'Amazon Web Services AWS software', 'Structured query language SQL', 'Hypertext markup language HTML', 'web development', 'Extensible markup language XML', 'Microsoft Excel', 'Microsoft Office software', 'Drupal', 'Oracle Java', 'IBM WebSphere MQ', 'WordPress', 'Google Analytics', 'PHP', 'Python', 'Microsoft SharePoint', 'deployment', 'Adobe Photoshop', 'Apache Tomcat', 'design']"
Web Developers,"['Go', 'Apache Kafka', 'Linux', 'server', 'Cascading style sheets CSS', 'JavaScript', 'Amazon Web Services AWS software', 'Vue.js', 'Structured query language SQL', 'Google Angular', 'MongoDB', 'C#', 'Extensible markup language XML', 'Bootstrap', 'code', 'scalability', 'Kubernetes', 'TypeScript', 'Spring Framework', 'Microsoft Azure software', 'Git', 'PHP', 'JavaScript Object Notation JSON', 'Python', 'WordPress', 'GitHub', 'Docker', 'Jenkins CI', 'Hypertext markup language HTML', 'web development', 'MySQL', 'NoSQL', 'database', 'Spring Boot', 'Node.js', 'jQuery', 'Oracle Java', 'Atlassian JIRA', 'PostgreSQL', 'React']"
Web and Digital Interface Designers,"['software', 'operations research', 'Cascading style sheets CSS', 'JavaScript', 'Google Angular', 'Hypertext markup language HTML', 'Adobe Illustrator', 'search engine', 'code', 'Adobe Photoshop', 'Figma', 'Oracle Java', 'Git', 'Atlassian JIRA', 'React', 'Adobe Creative Cloud software', 'design']"
